{
    "PLA": {
        "temp": 220,
        "filament_unload_before_cutting": 20,
        "filament_unload_after_cutting": 5,
        "filament_unload_after_drop": 3,
        "filament_load_speed": 300,
        "filament_unload_speed": 600,
        "filament_tube_length": 1000,
        "filament_drop_length": 90,
        "filament_drop_length_add": 45,
        "nozzle_cleaning_length": 120,
        "filament_fan_speed": 102,
        "filament_autoinsert_empty_length": 600,
        "filament_autoinsert_full_length": 550,
        "filament_autoinsert_ret_length": 90,
        "filament_autoinsert_speed": 1200
    },
    "PLA-CF": {
        "temp": 220,
        "filament_unload_before_cutting": 20,
        "filament_unload_after_cutting": 5,
        "filament_unload_after_drop": 3,
        "filament_load_speed": 300,
        "filament_unload_speed": 600,
        "filament_tube_length": 1000,
        "filament_drop_length": 90,
        "filament_drop_length_add": 45,
        "nozzle_cleaning_length": 120,
        "filament_fan_speed": 102,
        "filament_autoinsert_empty_length": 600,
        "filament_autoinsert_full_length": 550,
        "filament_autoinsert_ret_length": 90,
        "filament_autoinsert_speed": 1200
    },
    "SILK": {
        "temp": 220,
        "filament_unload_before_cutting": 20,
        "filament_unload_after_cutting": 5,
        "filament_unload_after_drop": 3,
        "filament_load_speed": 60,
        "filament_unload_speed": 300,
        "filament_tube_length": 1000,
        "filament_drop_length": 90,
        "filament_drop_length_add": 45,
        "nozzle_cleaning_length": 120,
        "filament_fan_speed": 102,
        "filament_autoinsert_empty_length": 600,
        "filament_autoinsert_full_length": 550,
        "filament_autoinsert_ret_length": 90,
        "filament_autoinsert_speed": 1200
    },
    "TPU": {
        "temp": 240,
        "filament_unload_before_cutting": 20,
        "filament_unload_after_cutting": 5,
        "filament_unload_after_drop": 3,
        "filament_load_speed": 60,
        "filament_unload_speed": 300,
        "filament_tube_length": 1000,
        "filament_drop_length": 90,
        "filament_drop_length_add": 45,
        "nozzle_cleaning_length": 120,
        "filament_fan_speed": 102,
        "filament_autoinsert_empty_length": 600,
        "filament_autoinsert_full_length": 550,
        "filament_autoinsert_ret_length": 90,
        "filament_autoinsert_speed": 1200
    },
    "ABS": {
        "temp": 245,
        "filament_unload_before_cutting": 20,
        "filament_unload_after_cutting": 5,
        "filament_unload_after_drop": 3,
        "filament_load_speed": 300,
        "filament_unload_speed": 600,
        "filament_tube_length": 1000,
        "filament_drop_length": 90,
        "filament_drop_length_add": 45,
        "nozzle_cleaning_length": 120,
        "filament_fan_speed": 102,
        "filament_autoinsert_empty_length": 600,
        "filament_autoinsert_full_length": 550,
        "filament_autoinsert_ret_length": 90,
        "filament_autoinsert_speed": 1200
    },
    "PETG": {
        "temp": 240,
        "filament_unload_before_cutting": 20,
        "filament_unload_after_cutting": 5,
        "filament_unload_after_drop": 3,
        "filament_load_speed": 300,
        "filament_unload_speed": 600,
        "filament_tube_length": 1000,
        "filament_drop_length": 90,
        "filament_drop_length_add": 45,
        "nozzle_cleaning_length": 120,
        "filament_fan_speed": 102,
        "filament_autoinsert_empty_length": 600,
        "filament_autoinsert_full_length": 550,
        "filament_autoinsert_ret_length": 90,
        "filament_autoinsert_speed": 1200
    },
    "PETG-CF": {
        "temp": 255,
        "filament_unload_before_cutting": 20,
        "filament_unload_after_cutting": 5,
        "filament_unload_after_drop": 3,
        "filament_load_speed": 300,
        "filament_unload_speed": 600,
        "filament_tube_length": 1000,
        "filament_drop_length": 90,
        "filament_drop_length_add": 45,
        "nozzle_cleaning_length": 120,
        "filament_fan_speed": 102,
        "filament_autoinsert_empty_length": 600,
        "filament_autoinsert_full_length": 550,
        "filament_autoinsert_ret_length": 90,
        "filament_autoinsert_speed": 1200
    }
}
