{
    "adaptive_bed_mesh_margin": "0",
    "auxiliary_fan": "1",
    "bbl_use_printhost": "0",
    "bed_custom_model": "",
    "bed_custom_texture": "",
    "bed_exclude_area": [
        "0x0"
    ],
    "bed_mesh_max": "99999,99999",
    "bed_mesh_min": "-99999,-99999",
    "bed_mesh_probe_distance": "50,50",
    "before_layer_change_gcode": ";BEFORE_LAYER_CHANGE\n;[layer_z]",
    "best_object_pos": "0.5,0.5",
    "change_extrusion_role_gcode": "",
    "change_filament_gcode": "{if toolchange_count > 1}\nSET_VELOCITY_LIMIT ACCEL=[travel_acceleration]\nT[next_extruder]\nM109 S[new_filament_temp]\n{if layer_num == 0}\nSET_VELOCITY_LIMIT ACCEL=[initial_layer_acceleration]\n{else}\nSET_VELOCITY_LIMIT ACCEL=[default_acceleration]\n{endif}\n{else}\nT[next_extruder]\n{endif}",
    "cooling_tube_length": "0",
    "cooling_tube_retraction": "0",
    "default_bed_type": "",
    "default_filament_profile": [
        "Flashforge Generic PLA"
    ],
    "default_print_profile": "0.30mm Standard @Flashforge AD5M Pro 0.6 Nozzle",
    "deretraction_speed": [
        "35"
    ],
    "disable_m73": "0",
    "emit_machine_limits_to_gcode": "1",
    "enable_filament_ramming": "0",
    "enable_long_retraction_when_cut": "0",
    "extra_loading_move": "0",
    "extruder_clearance_height_to_lid": "130",
    "extruder_clearance_height_to_rod": "26",
    "extruder_clearance_radius": "58",
    "extruder_colour": [
        "#FCE94F"
    ],
    "extruder_offset": [
        "0x0"
    ],
    "fan_kickstart": "0",
    "fan_speedup_overhangs": "1",
    "fan_speedup_time": "0",
    "from": "User",
    "gcode_flavor": "klipper",
    "head_wrap_detect_zone": [],
    "high_current_on_filament_swap": "0",
    "host_type": "octoprint",
    "inherits": "Flashforge AD5X 0.6 nozzle",
    "is_custom_defined": "0",
    "layer_change_gcode": ";AFTER_LAYER_CHANGE\n;[layer_z]\nSET_PRINT_STATS_INFO CURRENT_LAYER={layer_num + 1}",
    "long_retractions_when_cut": [
        "0"
    ],
    "machine_end_gcode": "END_PRINT",
    "machine_load_filament_time": "0",
    "machine_max_acceleration_e": [
        "5000",
        "5000"
    ],
    "machine_max_acceleration_extruding": [
        "20000",
        "20000"
    ],
    "machine_max_acceleration_retracting": [
        "5000",
        "5000"
    ],
    "machine_max_acceleration_travel": [
        "20000",
        "20000"
    ],
    "machine_max_acceleration_x": [
        "20000",
        "20000"
    ],
    "machine_max_acceleration_y": [
        "20000",
        "20000"
    ],
    "machine_max_acceleration_z": [
        "500",
        "500"
    ],
    "machine_max_jerk_e": [
        "2.5",
        "2.5"
    ],
    "machine_max_jerk_x": [
        "9",
        "9"
    ],
    "machine_max_jerk_y": [
        "9",
        "9"
    ],
    "machine_max_jerk_z": [
        "3",
        "3"
    ],
    "machine_max_junction_deviation": [
        "0",
        "0"
    ],
    "machine_max_speed_e": [
        "35",
        "30"
    ],
    "machine_max_speed_x": [
        "600",
        "600"
    ],
    "machine_max_speed_y": [
        "600",
        "600"
    ],
    "machine_max_speed_z": [
        "20",
        "20"
    ],
    "machine_min_extruding_rate": [
        "0",
        "0"
    ],
    "machine_min_travel_rate": [
        "0",
        "0"
    ],
    "machine_pause_gcode": "PAUSE",
    "machine_start_gcode": "_VALIDATE_PRINT_SETTINGS CHECK_SCREEN=1\nSTART_PRINT EXTRUDER_TEMP=[nozzle_temperature_initial_layer] BED_TEMP=[bed_temperature_initial_layer_single]\nM190 S[bed_temperature_initial_layer_single]\nM104 S[nozzle_temperature_initial_layer]\nSET_PRINT_STATS_INFO TOTAL_LAYER=[total_layer_count]",
    "machine_tool_change_time": "90",
    "machine_unload_filament_time": "0",
    "manual_filament_change": "0",
    "max_layer_height": [
        "0.42"
    ],
    "max_resonance_avoidance_speed": "120",
    "min_layer_height": [
        "0.15"
    ],
    "min_resonance_avoidance_speed": "70",
    "name": "AD5X zMod 0.6 - Native Screen",
    "nozzle_diameter": [
        "0.6"
    ],
    "nozzle_height": "4",
    "nozzle_hrc": "0",
    "nozzle_type": "hardened_steel",
    "nozzle_volume": "144",
    "parking_pos_retraction": "0",
    "pellet_modded_printer": "0",
    "preferred_orientation": "0",
    "printable_area": [
        "0x0",
        "220x0",
        "220x220",
        "0x220"
    ],
    "printable_height": "220",
    "printer_model": "Flashforge AD5X",
    "printer_notes": "",
    "printer_settings_id": "AD5X zMod 0.6 - Native Screen",
    "printer_structure": "undefine",
    "printer_technology": "FFF",
    "printer_variant": "0.6",
    "printhost_authorization_type": "key",
    "printhost_ssl_ignore_revoke": "0",
    "printing_by_object_gcode": "",
    "purge_in_prime_tower": "0",
    "resonance_avoidance": "0",
    "retract_before_wipe": [
        "100%"
    ],
    "retract_length_toolchange": [
        "3"
    ],
    "retract_lift_above": [
        "0"
    ],
    "retract_lift_below": [
        "0"
    ],
    "retract_lift_enforce": [
        "All Surfaces"
    ],
    "retract_restart_extra": [
        "0"
    ],
    "retract_restart_extra_toolchange": [
        "0"
    ],
    "retract_when_changing_layer": [
        "1"
    ],
    "retraction_distances_when_cut": [
        "18"
    ],
    "retraction_length": [
        "1.4"
    ],
    "retraction_minimum_travel": [
        "1"
    ],
    "retraction_speed": [
        "35"
    ],
    "scan_first_layer": "0",
    "silent_mode": "0",
    "single_extruder_multi_material": "1",
    "support_air_filtration": "1",
    "support_chamber_temp_control": "1",
    "support_multi_bed_types": "1",
    "template_custom_gcode": "",
    "thumbnails": "140x110/PNG",
    "thumbnails_format": "PNG",
    "time_cost": "0",
    "time_lapse_gcode": "",
    "travel_slope": [
        "3"
    ],
    "upward_compatible_machine": [],
    "use_firmware_retraction": "0",
    "use_relative_e_distances": "1",
    "version": "2.3.1.10",
    "wipe": [
        "1"
    ],
    "wipe_distance": [
        "2"
    ],
    "z_hop": [
        "0.4"
    ],
    "z_hop_types": [
        "Normal Lift"
    ],
    "z_offset": "0"
}
